Organization_ID,Organization_Name,Organization_Type,Country,Campaign_ID,Campaign_Name,Campaign_Type,Campaign_Start_Date,Campaign_End_Date,Participant_ID,Participant_Name,Registered,Attended,Registration_Date,Attendance_Date,Engagement_Score,Segment
ORG011,Red Mujeres+,NGO,Argentina,CAM004,Nonprofit Tech Clinic,Training,2024-10-29,2024-11-04 00:00:00,P017,Ana Torres,True,no,2024-10-26,,68.0,Youth
ORG007,Puentes Digitales,Social Enterprise,Mexico,CAM004,Women in Tech Talks,Tech Support,2024-02-19,2024-02-24 00:00:00,P177,Juan Méndez,False,False,,,58.0,Health
ORG001,Fundación Luz Verde,Social Enterprise,Peru,CAM013,AI for Social Impact,Tech Support,2024-11-21,2024-12-04 00:00:00,P187,Sofía Medina,False,False,2024-11-11,,86.0,Health
ORG009,Fundación Luz Verde,Social Enterprise,Colombia,CAM011,STEAM Teachers Workshop,Fundraising,2024-02-03,2024-02-06 00:00:00,P162,Pedro Castillo,False,False,2024-01-27,,74.0,Women Empowerment
ORG003,Jóvenes por el Clima,Community Org,Peru,CAM005,Climate Innovation Hub,Tech Support,,2024-11-02 00:00:00,P198,Paola Jiménez,False,False,2024-11-01,,88.0,Youth
ORG001,Tech por Todos,Foundation,Bolivia,CAM010,Nonprofit Tech Clinic,Webinar,2024-04-11,2024-04-13 00:00:00,P192,Sofía Medina,True,True,2024-04-06,2024-04-13,86.0,Women Empowerment
ORG008,Jóvenes por el Clima,Foundation,Argentina,CAM007,Nonprofit Tech Clinic,Outreach,2024-06-08,2024-06-14 00:00:00,P192,Lucía Herrera,False,False,2024-03-06,,,Youth
ORG014,Puentes Digitales,NGO,Bolivia,CAM007,Nonprofit Tech Clinic,Outreach,2024-10-19,2024-10-28 00:00:00,P243,Laura Sánchez,False,False,2024-10-18,,95.0,Youth
ORG013,Red Mujeres+,Foundation,Chile,CAM014,Climate Innovation Hub,Fundraising,2024-08-24,2024-08-27 00:00:00,P039,Lucía Herrera,True,False,2024-08-23,,71.0,Youth
ORG013,Red Mujeres+,Foundation,Chile,CAM014,Climate Innovation Hub,Fundraising,2024-08-24,2024-08-27 00:00:00,P039,Lucía Herrera,True,False,2024-08-23,,71.0,Youth
ORG007,Tech por Todos,Community Org,Argentina,CAM018,Impact Measurement 101,Outreach,2024-04-07,2024-04-11 00:00:00,P112,Luis Pérez,True,True,2024-03-30,2024-04-11,,Education
ORG010,Fundación Luz Verde,NGO,Costa rica,CAM019,Nonprofit Tech Clinic,Fundraising,2024-05-13,2024-05-16 00:00:00,P161,Laura Sánchez,False,False,2024-05-09,,40.0,Youth
ORG005,InnovAcción,Social Enterprise,Peru,CAM006,Impact Measurement 101,Webinar,2024-12-26,2024-12-30 00:00:00,P005,Miguel Silva,False,False,2024-12-24,,49.0,Health
ORG005,Jóvenes por el Clima,Community Org,Argentina,CAM003,STEAM Teachers Workshop,Fundraising,,2024-01-23 00:00:00,P171,Jorge Ruiz,False,False,2024-01-17,,84.0,Health
ORG003,Fundación Futuro,Social Enterprise,Brazil,CAM002,LatAm Data Summit,Outreach,2024-12-15,2024-12-18 00:00:00,P053,Carolina Suárez,False,False,2024-12-12,,96.0,Health
ORG011,Fundación Luz Verde,Social Enterprise,Mexico,CAM002,Impact Measurement 101,Outreach,2024-04-12,2024-04-25 00:00:00,P236,Carolina Suárez,False,False,2024-09-04,,,Health
ORG011,Jóvenes por el Clima,Social Enterprise,Colombia,CAM006,Fundraising Accelerator,Fundraising,2024-01-20,2024-01-21 00:00:00,P223,Carolina Suárez,False,False,2024-01-19,,85.0,Women Empowerment
ORG012,Fundación Luz Verde,Social Enterprise,Ecuador,CAM011,Fundraising Accelerator,Fundraising,2024-12-05,2024-12-18 00:00:00,P064,Juliana Vera,False,False,2024-12-01,,64.0,Women Empowerment
ORG014,Fundación Futuro,Social Enterprise,Argentina,CAM020,LatAm Data Summit,Tech Support,2024-08-14,2024-08-21 00:00:00,P110,Valentina Ríos,False,False,2024-08-12,,79.0,Education
ORG004,InnovAcción,NGO,Colombia,CAM025,Women in Tech Talks,Tech Support,2024-07-31,2024-08-14 00:00:00,P100,Paola Jiménez,False,False,2024-07-31,,89.0,Women Empowerment
ORG015,Red Mujeres+,Community Org,Mexico,CAM018,Fundraising Accelerator,Fundraising,2024-08-14,2024-08-23 00:00:00,P259,Diego Ramos,False,False,2024-08-07,,57.0,Education
ORG005,Fundación Luz Verde,Social Enterprise,Brazil,CAM005,Climate Innovation Hub,Outreach,2024-07-15,2024-07-26 00:00:00,P079,Pedro Castillo,True,True,2024-07-15,2024-07-16,41.0,Climate
ORG005,EDU Impact,Community Org,Bolivia,CAM020,Community Fundraising Gala,Tech Support,2024-04-22,2024-04-26 00:00:00,P224,Andrés Gómez,True,True,2024-04-20,2024-04-25,77.0,Climate
ORG001,Tech por Todos,Community Org,Brazil,CAM025,STEAM Teachers Workshop,Fundraising,2024-03-08,2024-07-08 00:00:00,P042,Andrés Gómez,True,True,2024-07-31,2024-08-08,55.0,Education
ORG002,Comunidad DataLatam,Foundation,Guatemala,CAM006,Fundraising Accelerator,Webinar,2024-02-28,2024-03-11 00:00:00,P084,Juliana Vera,True,True,2024-02-22,2024-03-02,55.0,Women Empowerment
ORG010,Fundación Futuro,Social Enterprise,Bolivia,CAM017,LatAm Data Summit,Training,2024-08-03,2024-08-16 00:00:00,P251,Camila Ortega,False,False,2024-07-27,,81.0,Women Empowerment
ORG014,Comunidad DataLatam,Social Enterprise,Brazil,CAM003,AI for Social Impact,Tech Support,2024-05-04,2024-05-16 00:00:00,P238,Natalia Flores,False,False,2024-04-29,,61.0,Health
ORG004,Red Mujeres+,Foundation,Ecuador,CAM023,Impact Measurement 101,Tech Support,2024-08-17,2024-08-29 00:00:00,P009,María López,False,False,2024-08-13,,62.0,Health
ORG005,Tech por Todos,Foundation,Peru,CAM024,Nonprofit Tech Clinic,Outreach,2024-04-08,2024-11-04 00:00:00,P248,Gabriel Vivas,False,False,2024-04-04,,74.0,Youth
ORG003,Salud Conecta,NGO,Colombia,CAM015,LatAm Data Summit,Outreach,2024-01-27,2024-01-31 00:00:00,P245,Camila Ortega,True,True,2024-01-27,2024-01-28,47.0,Women Empowerment
ORG009,EDU Impact,Community Org,Guatemala,CAM014,AI for Social Impact,Webinar,2024-11-13,2024-11-13 00:00:00,P051,Pedro Castillo,True,False,2024-11-05,,78.0,Health
ORG008,Red Mujeres+,Foundation,Argentina,CAM022,Community Fundraising Gala,Tech Support,2024-02-28,2024-03-07 00:00:00,P116,Jorge Ruiz,False,False,2024-02-26,,98.0,Health
ORG009,Jóvenes por el Clima,Community Org,Guatemala,CAM014,LatAm Data Summit,Webinar,2024-05-08,2024-05-08 00:00:00,P047,Laura Sánchez,True,True,2024-05-08,2024-05-09,77.0,Youth
ORG006,Red Mujeres+,Foundation,Brazil,CAM022,STEAM Teachers Workshop,Webinar,2024-01-19,26/01/2024,P046,Daniel Castro,False,False,2024-01-13,,95.0,Education
ORG008,Salud Conecta,NGO,Chile,CAM010,Impact Measurement 101,Tech Support,2024-03-03,,P123,Sofía Medina,False,False,2024-03-02,,100.0,Climate
ORG012,Tech por Todos,Community Org,Guatemala,CAM018,Climate Innovation Hub,Tech Support,2024-04-07,2024-04-21 00:00:00,P070,María López,False,False,2024-04-02,,58.0,Women Empowerment
ORG003,Salud Conecta,Community Org,Brazil,CAM013,Impact Measurement 101,Fundraising,2024-04-06,2024-04-17 00:00:00,P123,Natalia Flores,False,False,2024-04-06,,64.0,Education
ORG009,Comunidad DataLatam,Social Enterprise,Peru,CAM017,Impact Measurement 101,Training,2024-03-14,2024-03-20 00:00:00,P080,María López,False,False,2024-03-05,,94.0,Health
ORG008,Jóvenes por el Clima,NGO,Costa rica,CAM010,Community Fundraising Gala,Training,2024-08-10,2024-08-11 00:00:00,P052,Lucía Herrera,True,yes,2024-08-10,2024-08-12,83.0,Youth
ORG011,Fundación Luz Verde,Community Org,Costa rica,CAM009,Impact Measurement 101,Fundraising,2024-12-07,2024-12-07 00:00:00,P239,Juliana Vera,True,False,2024-12-03,,94.0,Climate
ORG006,Comunidad DataLatam,Social Enterprise,Argentina,CAM013,AI for Social Impact,Training,2024-10-16,2024-10-29 00:00:00,P026,Juan Méndez,False,False,2024-10-13,,79.0,Education
ORG011,Fundación Futuro,Social Enterprise,Guatemala,CAM005,Women in Tech Talks,Fundraising,2024-06-16,2024-06-27 00:00:00,P213,Sofía Medina,True,False,2024-06-08,,98.0,Health
ORG002,Salud Conecta,NGO,Mexico,CAM022,STEAM Teachers Workshop,Webinar,2024-07-06,2024-07-07 00:00:00,P203,Ana Torres,False,False,2024-06-26,,80.0,Education
ORG009,Puentes Digitales,Foundation,Peru,CAM023,AI for Social Impact,Tech Support,2024-02-29,2024-03-02 00:00:00,P024,Luis Pérez,False,False,2024-02-26,,82.0,Women Empowerment
ORG003,EDU Impact,NGO,Guatemala,CAM009,Digital Inclusion Bootcamp,Fundraising,2024-04-21,2024-04-28 00:00:00,P228,Laura Sánchez,False,False,2024-04-13,,57.0,Climate
ORG011,Comunidad DataLatam,NGO,Colombia,CAM005,Fundraising Accelerator,Outreach,2024-02-05,2024-02-18 00:00:00,P107,Natalia Flores,True,True,2024-01-27,2024-02-05,91.0,Youth
ORG013,Fundación Luz Verde,Social Enterprise,Colombia,CAM024,STEAM Teachers Workshop,Webinar,2024-02-28,2024-03-10 00:00:00,P033,Andrés Gómez,False,False,2024-02-27,,86.0,Women Empowerment
ORG001,Fundación Futuro,Community Org,Ecuador,CAM023,Impact Measurement 101,Training,2024-02-11,2024-02-16 00:00:00,P076,María López,True,False,2024-02-06,,72.0,Youth
ORG013,Jóvenes por el Clima,Foundation,Ecuador,CAM011,Impact Measurement 101,Tech Support,2024-07-31,2024-08-11 00:00:00,P049,Daniel Castro,False,False,2024-07-29,,45.0,Health
ORG010,Jóvenes por el Clima,Social Enterprise,Peru,CAM025,STEAM Teachers Workshop,Training,,2024-06-05 00:00:00,P160,Carolina Suárez,True,True,2024-05-24,2024-05-27,54.0,Women Empowerment
ORG001,Comunidad DataLatam,Social Enterprise,Colombia,CAM010,LatAm Data Summit,Fundraising,2024-01-04,2024-01-06 00:00:00,P074,Natalia Flores,False,False,2024-01-04,,69.0,Health
ORG002,Fundación Futuro,Foundation,Mexico,CAM003,AI for Social Impact,Tech Support,2024-12-04,2024-12-10 00:00:00,P249,Juan Méndez,False,False,,,83.0,health
ORG010,Fundación Futuro,NGO,Chile,CAM005,AI for Social Impact,Fundraising,2024-06-16,2024-06-17 00:00:00,P004,Andrés Gómez,False,False,2024-06-13,,44.0,climate
ORG014,Puentes Digitales,Community Org,Costa rica,CAM010,Women in Tech Talks,Tech Support,,2024-01-16 00:00:00,P088,Juan Méndez,False,False,2024-01-10,,65.0,Health
ORG013,InnovAcción,NGO,Bolivia,CAM007,LatAm Data Summit,Fundraising,2024-11-26,2024-12-09 00:00:00,P076,Laura Sánchez,True,False,2024-11-16,,69.0,Climate
ORG011,Comunidad DataLatam,Social Enterprise,Brazil,CAM015,AI for Social Impact,Fundraising,2024-10-29,2024-10-29 00:00:00,P181,Valentina Ríos,True,True,2024-10-25,2024-10-29,64.0,Youth
ORG011,Fundación Luz Verde,Social Enterprise,Costa rica,CAM002,Impact Measurement 101,Training,2024-06-24,2024-07-05 00:00:00,P044,Valentina Ríos,True,False,2024-06-16,,58.0,Women Empowerment
ORG006,Red Mujeres+,Social Enterprise,Peru,CAM009,Fundraising Accelerator,Outreach,2024-06-19,2024-06-20 00:00:00,P073,Carolina Suárez,False,False,,,75.0,Education
ORG012,Jóvenes por el Clima,NGO,Ecuador,CAM010,Climate Innovation Hub,Outreach,2024-06-23,2024-05-07 00:00:00,P249,Pedro Castillo,True,True,2024-06-22,2024-06-27,61.0,Women Empowerment
ORG014,Comunidad DataLatam,Foundation,Guatemala,CAM024,Community Fundraising Gala,Tech Support,2024-11-08,2024-11-12 00:00:00,P230,Laura Sánchez,True,True,2024-11-05,2024-11-10,89.0,Education
ORG003,Tech por Todos,NGO,Guatemala,CAM004,Nonprofit Tech Clinic,Training,2024-05-25,2024-05-26 00:00:00,P083,Gabriel Vivas,False,False,2024-05-19,,96.0,Youth
ORG007,Red Mujeres+,Social Enterprise,Chile,CAM023,LatAm Data Summit,Outreach,2024-03-11,2024-03-11 00:00:00,P147,Andrés Gómez,True,True,2024-03-10,2024-03-11,73.0,Education
ORG007,Comunidad DataLatam,Community Org,Peru,CAM020,Nonprofit Tech Clinic,Training,2024-11-19,2024-11-27 00:00:00,P124,Jorge Ruiz,False,False,2024-11-16,,73.0,Women Empowerment
ORG009,Jóvenes por el Clima,NGO,Ecuador,CAM013,LatAm Data Summit,Fundraising,2024-01-09,2024-01-14 00:00:00,P035,Carolina Suárez,True,True,2024-04-01,2024-01-10,89.0,Climate
ORG002,Salud Conecta,NGO,Argentina,CAM002,LatAm Data Summit,Fundraising,2024-09-20,2024-09-26 00:00:00,P243,Gabriel Vivas,True,True,2024-09-20,,87.0,Health
ORG008,Puentes Digitales,Social Enterprise,Peru,CAM020,Climate Innovation Hub,Webinar,2024-05-30,2024-06-04 00:00:00,P053,María López,False,False,2024-05-21,,,Health
ORG011,Fundación Futuro,NGO,Ecuador,CAM022,Climate Innovation Hub,Training,2024-03-14,2024-03-27 00:00:00,P225,Luis Pérez,True,False,2024-03-08,,68.0,Youth
ORG007,Puentes Digitales,Social Enterprise,Chile,CAM006,Impact Measurement 101,Webinar,2024-07-17,2024-07-31 00:00:00,P061,Gabriel Vivas,False,False,2024-07-08,,47.0,Education
ORG002,Puentes Digitales,Social Enterprise,Peru,CAM010,Climate Innovation Hub,Outreach,2024-07-04,,P115,Camila Ortega,True,True,2024-06-29,2024-07-08,96.0,Climate
ORG014,Comunidad DataLatam,NGO,Mexico,CAM015,Impact Measurement 101,Webinar,2024-06-25,2024-06-27 00:00:00,P094,Jorge Ruiz,False,False,2024-06-24,,99.0,Women Empowerment
ORG005,Fundación Luz Verde,Social Enterprise,Mexico,CAM003,Nonprofit Tech Clinic,Outreach,2024-10-30,2024-11-08 00:00:00,P079,Sofía Medina,False,False,2024-10-30,,56.0,Climate
ORG015,Jóvenes por el Clima,Social Enterprise,Argentina,CAM022,STEAM Teachers Workshop,Fundraising,2024-08-20,2024-08-21 00:00:00,P031,Sofía Medina,False,False,2024-08-15,,86.0,Climate
ORG009,Red Mujeres+,Social Enterprise,Chile,CAM008,Climate Innovation Hub,Training,2024-01-26,2024-01-30 00:00:00,P197,Juan Méndez,False,False,2024-01-24,,52.0,Women Empowerment
ORG008,Fundación Futuro,NGO,Ecuador,CAM007,Fundraising Accelerator,Fundraising,2024-01-25,2024-01-25 00:00:00,P145,Andrés Gómez,False,no,2024-01-24,,88.0,Youth
ORG009,Tech por Todos,NGO,Ecuador,CAM009,Fundraising Accelerator,Webinar,2024-03-01,2024-03-03 00:00:00,P050,Paola Jiménez,False,False,2024-02-25,,,Youth
ORG008,Jóvenes por el Clima,Community Org,Mexico,CAM011,Fundraising Accelerator,Fundraising,2024-03-24,2024-03-30 00:00:00,P154,Natalia Flores,False,False,2024-03-17,,63.0,Climate
ORG012,Fundación Futuro,Community Org,Argentina,CAM025,Fundraising Accelerator,Webinar,2024-04-26,2024-05-07 00:00:00,P027,Natalia Flores,False,False,2024-04-17,,,Youth
ORG007,InnovAcción,Community Org,Chile,CAM016,Digital Inclusion Bootcamp,Outreach,2024-09-22,2024-09-25 00:00:00,P167,Andrés Gómez,False,False,2024-09-14,,86.0,Health
ORG004,Tech por Todos,Social Enterprise,Chile,CAM025,AI for Social Impact,Outreach,2024-12-19,2024-12-30 00:00:00,P251,Daniel Castro,False,False,2024-12-15,,97.0,Education
ORG012,Red Mujeres+,Social Enterprise,Guatemala,CAM007,Community Fundraising Gala,Webinar,,2024-06-01 00:00:00,P140,Jorge Ruiz,True,True,2024-05-08,2024-05-22,70.0,Youth
ORG003,EDU Impact,Community Org,Guatemala,CAM010,LatAm Data Summit,Fundraising,2024-11-26,2024-11-26 00:00:00,P046,Natalia Flores,True,True,2024-11-24,2024-11-29,65.0,Health
ORG003,EDU Impact,Community Org,Guatemala,CAM010,LatAm Data Summit,Fundraising,2024-11-26,2024-11-26 00:00:00,P046,Natalia Flores,True,True,2024-11-24,2024-11-29,65.0,Health
ORG010,Comunidad DataLatam,NGO,Brazil,CAM018,Nonprofit Tech Clinic,Tech Support,2024-03-09,2024-03-22 00:00:00,P259,Lucía Herrera,False,False,2024-03-07,,40.0,Women Empowerment
ORG010,EDU Impact,Community Org,Bolivia,CAM004,Climate Innovation Hub,Outreach,2024-09-01,2024-09-06 00:00:00,P128,Ana Torres,False,False,2024-08-28,,40.0,Education
ORG005,InnovAcción,Community Org,Bolivia,CAM025,AI for Social Impact,Training,2024-11-23,2024-12-07 00:00:00,P152,Carolina Suárez,True,False,2024-11-14,,88.0,Education
ORG010,Red Mujeres+,Community Org,Bolivia,CAM019,Women in Tech Talks,Training,2024-10-07,2024-10-21 00:00:00,P259,Pedro Castillo,True,False,2024-09-27,,72.0,Education
ORG001,Jóvenes por el Clima,Community Org,Argentina,CAM001,Community Fundraising Gala,Webinar,2024-02-07,2024-02-07 00:00:00,P217,Carolina Suárez,True,True,2024-01-31,2024-02-07,86.0,Climate
ORG007,EDU Impact,NGO,Bolivia,CAM004,Climate Innovation Hub,Webinar,2024-07-20,2024-07-28 00:00:00,P066,Laura Sánchez,True,True,2024-07-12,2024-07-23,57.0,youth
ORG010,Fundación Futuro,Foundation,Chile,CAM015,Fundraising Accelerator,Training,2024-05-05,2024-05-16 00:00:00,P023,Paola Jiménez,False,False,2024-05-05,,98.0,Women Empowerment
ORG004,Tech por Todos,Foundation,Bolivia,CAM002,Nonprofit Tech Clinic,Webinar,2024-03-30,2024-04-09 00:00:00,P219,Miguel Silva,No,False,2024-03-20,,66.0,Education
ORG014,Fundación Luz Verde,Social Enterprise,Mexico,CAM018,STEAM Teachers Workshop,Tech Support,2024-10-12,2024-10-20 00:00:00,P069,Paola Jiménez,True,False,2024-10-05,,,Climate
ORG014,Red Mujeres+,Foundation,Costa rica,CAM016,Community Fundraising Gala,Fundraising,2024-06-04,2024-06-18 00:00:00,P008,Pedro Castillo,True,True,2024-05-28,2024-06-05,60.0,Women Empowerment
ORG006,Jóvenes por el Clima,Community Org,Guatemala,CAM016,LatAm Data Summit,Outreach,2024-07-08,2024-07-13 00:00:00,P212,Luis Pérez,Yes,True,2024-06-29,2024-07-12,76.0,Health
ORG012,Salud Conecta,Community Org,Mexico,CAM005,Nonprofit Tech Clinic,Tech Support,2024-04-04,2024-04-18 00:00:00,P031,Valentina Ríos,True,True,2024-04-04,2024-04-04,40.0,Youth
ORG010,Salud Conecta,Community Org,Colombia,CAM001,Digital Inclusion Bootcamp,Webinar,2024-05-20,2024-05-28 00:00:00,P147,Ana Torres,False,False,2024-05-19,,79.0,Health
ORG007,Salud Conecta,Foundation,Chile,CAM003,Digital Inclusion Bootcamp,Training,2024-07-26,2024-08-01 00:00:00,P194,Miguel Silva,False,no,2024-07-24,,61.0,Youth
ORG004,Fundación Luz Verde,Community Org,Argentina,CAM009,Nonprofit Tech Clinic,Webinar,2024-12-02,2024-12-02 00:00:00,P092,Daniel Castro,True,True,2024-11-26,2024-12-02,83.0,Education
ORG002,Jóvenes por el Clima,Social Enterprise,Colombia,CAM003,LatAm Data Summit,Webinar,2024-11-10,2024-11-19 00:00:00,P204,Daniel Castro,True,True,2024-11-07,2024-11-12,64.0,Education
ORG003,EDU Impact,Foundation,Ecuador,CAM001,AI for Social Impact,Tech Support,2024-03-07,2024-07-15 00:00:00,P139,Camila Ortega,True,False,2024-06-25,,45.0,climate
ORG013,Red Mujeres+,Foundation,Costa rica,CAM006,Climate Innovation Hub,Fundraising,2024-06-03,2024-06-07 00:00:00,P253,Jorge Ruiz,True,False,2024-06-02,,71.0,Youth
ORG013,Red Mujeres+,Foundation,Costa rica,CAM006,Climate Innovation Hub,Fundraising,2024-06-03,2024-06-07 00:00:00,P253,Jorge Ruiz,True,False,2024-06-02,,71.0,Youth
ORG007,Puentes Digitales,Community Org,Brazil,CAM021,Fundraising Accelerator,Outreach,2024-06-02,2024-06-07 00:00:00,P103,Andrés Gómez,False,False,2024-05-28,,76.0,Health
ORG002,Comunidad DataLatam,Foundation,Costa rica,CAM025,Nonprofit Tech Clinic,Training,2024-08-24,2024-09-04 00:00:00,P108,Lucía Herrera,False,False,2024-08-18,,56.0,Climate
ORG008,Comunidad DataLatam,Community Org,Bolivia,CAM023,STEAM Teachers Workshop,Webinar,2024-01-19,2024-01-31 00:00:00,P185,Miguel Silva,True,False,2024-01-17,,83.0,Health
ORG001,Red Mujeres+,Social Enterprise,Chile,CAM019,Fundraising Accelerator,Outreach,2024-08-16,2024-08-21 00:00:00,P201,Lucía Herrera,Yes,True,,2024-08-16,69.0,Health
ORG012,Salud Conecta,Social Enterprise,Peru,CAM004,Digital Inclusion Bootcamp,Fundraising,2024-11-27,2024-11-28 00:00:00,P085,Laura Sánchez,True,True,2024-11-20,2024-11-28,,Women Empowerment
ORG007,EDU Impact,NGO,Chile,CAM003,Fundraising Accelerator,Training,2024-10-01,,P188,Daniel Castro,True,True,2024-09-23,2024-10-06,62.0,Health
ORG011,InnovAcción,Social Enterprise,Peru,CAM012,Climate Innovation Hub,Webinar,2024-07-17,2024-07-23 00:00:00,P071,Natalia Flores,False,False,2024-07-09,,75.0,Education
ORG001,Puentes Digitales,NGO,Guatemala,CAM018,Nonprofit Tech Clinic,Tech Support,2024-07-28,2024-07-08 00:00:00,P252,Diego Ramos,False,False,2024-07-28,,54.0,Climate
ORG008,Jóvenes por el Clima,NGO,Costa rica,CAM012,Nonprofit Tech Clinic,Training,2024-08-13,2024-08-21 00:00:00,P112,Diego Ramos,True,True,2024-08-13,2024-08-16,47.0,Women Empowerment
ORG010,EDU Impact,Foundation,Costa rica,CAM007,Digital Inclusion Bootcamp,Webinar,2024-06-28,2024-07-06 00:00:00,P144,Juan Méndez,True,True,2024-06-24,2024-07-02,90.0,Health
ORG014,InnovAcción,Foundation,Mexico,CAM025,STEAM Teachers Workshop,Tech Support,2024-03-13,2024-03-22 00:00:00,P138,Diego Ramos,False,False,2024-03-12,,96.0,Health
ORG014,Red Mujeres+,Community Org,Brazil,CAM013,Community Fundraising Gala,Tech Support,2024-04-18,2024-04-25 00:00:00,P138,Daniel Castro,False,False,2024-04-09,,,Youth
ORG001,Red Mujeres+,Foundation,Guatemala,CAM014,Community Fundraising Gala,Outreach,2024-11-28,2024-12-02 00:00:00,P082,Gabriel Vivas,True,True,2024-11-18,2024-11-29,67.0,Youth
ORG010,Fundación Luz Verde,Community Org,Colombia,CAM004,STEAM Teachers Workshop,Outreach,2024-09-01,2024-09-02 00:00:00,P118,Paola Jiménez,True,True,2024-08-28,2024-09-02,83.0,Youth
ORG006,Fundación Luz Verde,Foundation,Ecuador,CAM007,Women in Tech Talks,Training,2024-03-12,2024-03-24 00:00:00,P064,Natalia Flores,False,False,2024-03-10,,78.0,Youth
ORG005,Fundación Luz Verde,Foundation,Ecuador,CAM008,Impact Measurement 101,Tech Support,2024-02-27,2024-03-01 00:00:00,P256,Juan Méndez,True,True,2024-02-22,2024-02-28,51.0,youth
ORG005,Fundación Luz Verde,NGO,Colombia,CAM010,Nonprofit Tech Clinic,Tech Support,2024-08-04,2024-08-15 00:00:00,P206,María López,True,False,2024-08-01,,77.0,Youth
ORG014,Fundación Luz Verde,NGO,Chile,CAM015,Fundraising Accelerator,Webinar,2024-01-29,2024-02-02 00:00:00,P090,Camila Ortega,True,True,2024-01-24,2024-02-02,87.0,Youth
ORG014,Fundación Luz Verde,NGO,Chile,CAM015,Fundraising Accelerator,Webinar,2024-01-29,2024-02-02 00:00:00,P090,Camila Ortega,True,True,2024-01-24,2024-02-02,87.0,Youth
ORG013,EDU Impact,Social Enterprise,Bolivia,CAM019,Women in Tech Talks,Tech Support,,2024-08-29 00:00:00,P185,Luis Pérez,False,False,2024-08-19,,86.0,youth
ORG004,Fundación Futuro,Community Org,Brazil,CAM002,Nonprofit Tech Clinic,Tech Support,2024-04-24,2024-04-29 00:00:00,P128,Diego Ramos,False,False,,,54.0,Climate
ORG005,Tech por Todos,Social Enterprise,Peru,CAM007,AI for Social Impact,Webinar,2024-06-04,2024-06-15 00:00:00,P125,Lucía Herrera,False,False,2024-06-01,,,climate
ORG011,Fundación Futuro,Social Enterprise,Colombia,CAM024,AI for Social Impact,Training,2024-04-15,2024-04-23 00:00:00,P122,Diego Ramos,False,False,2024-04-13,,97.0,Health
ORG010,Red Mujeres+,Foundation,Ecuador,CAM014,Climate Innovation Hub,Outreach,2024-05-29,2024-06-02 00:00:00,P162,Paola Jiménez,False,False,2024-05-28,,46.0,Climate
ORG006,Fundación Luz Verde,Community Org,Argentina,CAM003,Climate Innovation Hub,Fundraising,2024-12-26,2025-01-06 00:00:00,P021,Pedro Castillo,False,False,2024-12-21,,92.0,Climate
ORG009,Fundación Luz Verde,NGO,Guatemala,CAM004,Digital Inclusion Bootcamp,Training,2024-04-23,2024-04-25 00:00:00,P102,Paola Jiménez,False,False,2024-04-22,,41.0,Climate
ORG014,Puentes Digitales,NGO,Colombia,CAM019,STEAM Teachers Workshop,Tech Support,2024-09-11,2024-09-11 00:00:00,P196,Diego Ramos,True,True,2024-04-09,2024-09-12,66.0,Youth
ORG004,Jóvenes por el Clima,Foundation,Bolivia,CAM023,LatAm Data Summit,Tech Support,2024-05-10,2024-10-17 00:00:00,P249,Carolina Suárez,False,False,2024-09-30,,,Climate
ORG004,InnovAcción,NGO,Chile,CAM024,Digital Inclusion Bootcamp,Outreach,2024-10-21,2024-11-03 00:00:00,P199,Carolina Suárez,True,False,2024-10-16,,100.0,Education
ORG008,Jóvenes por el Clima,Social Enterprise,Mexico,CAM008,Fundraising Accelerator,Outreach,2024-01-11,2024-01-19 00:00:00,P245,Ana Torres,False,False,2024-01-09,,95.0,Women Empowerment
ORG002,Jóvenes por el Clima,Social Enterprise,Peru,CAM013,Fundraising Accelerator,Training,2024-06-21,2024-06-25 00:00:00,P166,Jorge Ruiz,True,True,2024-06-14,2024-06-26,79.0,Women Empowerment
ORG012,Tech por Todos,Foundation,Mexico,CAM019,STEAM Teachers Workshop,Webinar,2024-01-17,2024-01-19 00:00:00,P163,Juan Méndez,True,True,2024-01-12,2024-01-22,45.0,Health
ORG004,Red Mujeres+,Social Enterprise,Argentina,CAM002,STEAM Teachers Workshop,Tech Support,2024-08-02,2024-08-04 00:00:00,P212,Andrés Gómez,False,False,2024-07-26,,54.0,Youth
ORG002,Red Mujeres+,Social Enterprise,Mexico,CAM003,Nonprofit Tech Clinic,Training,,2024-07-01 00:00:00,P248,Ana Torres,False,False,2024-06-16,,52.0,Women Empowerment
ORG004,Red Mujeres+,NGO,Ecuador,CAM005,Digital Inclusion Bootcamp,Fundraising,2024-01-02,2024-01-08 00:00:00,P045,Juliana Vera,False,no,2023-12-31,,47.0,Climate
ORG011,Jóvenes por el Clima,Community Org,Mexico,CAM006,Impact Measurement 101,Training,2024-05-14,2024-05-21 00:00:00,P239,Gabriel Vivas,True,True,2024-05-04,2024-05-14,77.0,Climate
ORG009,Salud Conecta,Foundation,Guatemala,CAM023,Digital Inclusion Bootcamp,Webinar,,2024-11-02 00:00:00,P076,Camila Ortega,False,False,2024-10-16,,83.0,Education
ORG015,Red Mujeres+,NGO,Ecuador,CAM009,Nonprofit Tech Clinic,Tech Support,2024-01-07,2024-01-19 00:00:00,P215,Camila Ortega,False,False,2023-12-29,,76.0,Women Empowerment
ORG005,EDU Impact,Community Org,Costa rica,CAM009,STEAM Teachers Workshop,Outreach,2024-11-12,2024-11-21 00:00:00,P206,Luis Pérez,False,False,2024-09-11,,,Health
ORG014,Red Mujeres+,Foundation,Mexico,CAM025,LatAm Data Summit,Fundraising,2024-08-01,2024-08-10 00:00:00,P046,Pedro Castillo,False,False,2024-07-25,,72.0,Women Empowerment
ORG009,Comunidad DataLatam,NGO,Mexico,CAM002,Community Fundraising Gala,Training,,21/08/2024,P185,Pedro Castillo,False,False,2024-08-15,,63.0,Climate
ORG003,Tech por Todos,NGO,Argentina,CAM019,Community Fundraising Gala,Outreach,2024-11-27,2024-11-30 00:00:00,P106,Gabriel Vivas,False,False,2024-11-17,,78.0,Women Empowerment
ORG012,Tech por Todos,Community Org,Ecuador,CAM007,Impact Measurement 101,Fundraising,2024-12-12,2024-12-20 00:00:00,P204,Natalia Flores,True,False,2024-12-07,,83.0,Health
ORG005,Tech por Todos,Foundation,Mexico,CAM002,Fundraising Accelerator,Tech Support,2024-12-04,2024-12-09 00:00:00,P072,Ana Torres,False,False,2024-11-28,,76.0,Education
ORG008,Puentes Digitales,Social Enterprise,Mexico,CAM006,AI for Social Impact,Training,2024-08-29,2024-08-31 00:00:00,P133,Miguel Silva,True,True,2024-08-26,2024-08-31,63.0,Youth
ORG010,Comunidad DataLatam,NGO,Guatemala,CAM022,STEAM Teachers Workshop,Webinar,2024-06-01,2024-06-07 00:00:00,P028,Jorge Ruiz,True,True,2024-05-25,2024-06-02,80.0,youth
ORG013,InnovAcción,Foundation,Guatemala,CAM005,Fundraising Accelerator,Tech Support,2024-11-20,2024-11-26 00:00:00,P207,Diego Ramos,False,no,2024-11-17,,88.0,Youth
ORG012,Puentes Digitales,Social Enterprise,Mexico,CAM010,Climate Innovation Hub,Training,2024-01-24,2024-01-28 00:00:00,P149,Lucía Herrera,False,False,2024-01-22,,52.0,climate
ORG003,Fundación Luz Verde,NGO,Costa rica,CAM023,Digital Inclusion Bootcamp,Tech Support,2024-11-23,2024-11-27 00:00:00,P025,Juan Méndez,True,yes,2024-11-22,,53.0,Health
ORG009,Tech por Todos,Foundation,Ecuador,CAM024,Fundraising Accelerator,Training,2024-05-24,2024-05-25 00:00:00,P055,Andrés Gómez,True,True,2024-05-21,2024-05-26,53.0,education
ORG015,Red Mujeres+,Community Org,Mexico,CAM003,Women in Tech Talks,Fundraising,2024-11-25,2024-11-28 00:00:00,P234,Juliana Vera,False,False,2024-11-23,,83.0,Youth
ORG001,InnovAcción,Foundation,Brazil,CAM020,AI for Social Impact,Training,2024-07-09,2024-07-22 00:00:00,P176,Sofía Medina,True,True,2024-07-03,2024-07-14,47.0,Education
ORG008,Comunidad DataLatam,Community Org,Mexico,CAM020,Digital Inclusion Bootcamp,Outreach,2024-09-04,2024-09-18 00:00:00,P250,Camila Ortega,False,False,2024-08-25,,89.0,Education
ORG006,Jóvenes por el Clima,NGO,Ecuador,CAM012,STEAM Teachers Workshop,Outreach,2024-10-12,2024-10-26 00:00:00,P028,Ana Torres,True,True,2024-10-10,2024-10-12,72.0,Climate
ORG008,Comunidad DataLatam,Community Org,Peru,CAM004,Impact Measurement 101,Training,2024-02-22,2024-02-28 00:00:00,P212,Luis Pérez,True,True,2024-02-12,2024-02-24,61.0,Education
ORG013,Comunidad DataLatam,Community Org,Brazil,CAM025,Community Fundraising Gala,Training,2024-06-23,2024-06-28 00:00:00,P150,Miguel Silva,False,no,2024-06-21,,66.0,Education
ORG004,Salud Conecta,Foundation,Brazil,CAM021,Fundraising Accelerator,Training,2024-08-18,2024-08-25 00:00:00,P259,Jorge Ruiz,No,False,2024-08-10,,72.0,Women Empowerment
ORG002,EDU Impact,Social Enterprise,Bolivia,CAM020,Community Fundraising Gala,Fundraising,2024-07-22,2024-07-27 00:00:00,P151,Lucía Herrera,True,False,2024-07-14,,85.0,Education
ORG005,Puentes Digitales,Foundation,Mexico,CAM011,Women in Tech Talks,Fundraising,2024-10-14,2024-10-21 00:00:00,P214,Miguel Silva,False,False,2024-10-14,,,Health
ORG005,Tech por Todos,Foundation,Colombia,CAM025,Nonprofit Tech Clinic,Training,2024-07-02,2024-07-15 00:00:00,P232,Camila Ortega,True,True,2024-06-28,2024-07-07,83.0,Youth
ORG014,Salud Conecta,Foundation,Brazil,CAM020,Community Fundraising Gala,Outreach,2024-05-30,2024-06-06 00:00:00,P091,María López,True,True,2024-05-30,2024-06-02,40.0,education
ORG010,Fundación Futuro,Social Enterprise,Guatemala,CAM003,LatAm Data Summit,Webinar,2024-04-22,2024-04-24 00:00:00,P035,Valentina Ríos,True,True,2024-04-19,2024-04-23,79.0,Youth
ORG004,Comunidad DataLatam,Foundation,Colombia,CAM004,STEAM Teachers Workshop,Fundraising,2024-10-03,2024-10-14 00:00:00,P145,Ana Torres,False,False,2024-09-26,,72.0,Women Empowerment
ORG004,Fundación Luz Verde,Community Org,Peru,CAM024,STEAM Teachers Workshop,Training,2024-12-17,2024-12-19 00:00:00,P013,Lucía Herrera,No,False,2024-12-15,,54.0,Climate
ORG001,EDU Impact,NGO,Bolivia,CAM003,Fundraising Accelerator,Training,2024-12-24,2025-01-06 00:00:00,P038,Carolina Suárez,True,False,2024-12-20,,,Education
ORG007,Jóvenes por el Clima,Social Enterprise,Mexico,CAM024,LatAm Data Summit,Training,2024-10-10,2024-10-23 00:00:00,P073,Camila Ortega,True,False,2024-10-09,,62.0,Women Empowerment
ORG010,Tech por Todos,Foundation,Peru,CAM002,Nonprofit Tech Clinic,Tech Support,2024-11-26,2024-12-04 00:00:00,P038,Juliana Vera,True,False,2024-11-21,,58.0,Health
ORG011,Tech por Todos,Foundation,Costa rica,CAM014,Climate Innovation Hub,Training,2024-06-09,2024-06-12 00:00:00,P114,Diego Ramos,False,False,2024-06-04,,59.0,Women Empowerment
ORG014,InnovAcción,Foundation,Argentina,CAM024,Women in Tech Talks,Training,2024-09-16,2024-09-26 00:00:00,P016,Natalia Flores,False,False,2024-09-16,,70.0,Climate
ORG012,Tech por Todos,Foundation,Guatemala,CAM012,Nonprofit Tech Clinic,Training,2024-12-05,2024-12-08 00:00:00,P085,Valentina Ríos,True,True,2024-11-25,2024-12-06,71.0,education
ORG015,Puentes Digitales,Community Org,Guatemala,CAM002,LatAm Data Summit,Training,2024-12-26,2025-01-03 00:00:00,P141,Gabriel Vivas,True,True,2024-12-25,2024-12-30,92.0,Climate
ORG015,Puentes Digitales,Community Org,Guatemala,CAM002,LatAm Data Summit,Training,2024-12-26,2025-01-03 00:00:00,P141,Gabriel Vivas,True,True,2024-12-25,2024-12-30,92.0,Climate
ORG015,InnovAcción,Community Org,Mexico,CAM009,Community Fundraising Gala,Outreach,2024-04-05,2024-04-07 00:00:00,P186,Juan Méndez,True,True,2024-04-04,2024-04-08,,Youth
ORG003,Jóvenes por el Clima,NGO,Costa rica,CAM006,Nonprofit Tech Clinic,Tech Support,2024-11-02,2024-11-11 00:00:00,P010,Juliana Vera,True,False,2024-10-26,,90.0,Women Empowerment
ORG012,Puentes Digitales,Community Org,Costa rica,CAM013,Climate Innovation Hub,Training,2024-01-09,2024-01-12 00:00:00,P259,Diego Ramos,True,True,2023-12-31,2024-01-09,82.0,Youth
ORG011,EDU Impact,Community Org,Brazil,CAM014,Community Fundraising Gala,Tech Support,2024-07-14,2024-07-19 00:00:00,P051,Diego Ramos,True,False,2024-07-13,,,Youth
ORG001,EDU Impact,Foundation,Brazil,CAM014,Fundraising Accelerator,Fundraising,2024-05-13,2024-05-26 00:00:00,P217,Natalia Flores,False,False,2024-05-07,,70.0,Climate
ORG006,EDU Impact,Foundation,Peru,CAM023,Climate Innovation Hub,Training,2024-04-19,2024-04-27 00:00:00,P206,Daniel Castro,True,no,2024-04-18,,,Education
ORG012,EDU Impact,Community Org,Costa rica,CAM020,Digital Inclusion Bootcamp,Outreach,2024-11-23,2024-11-30 00:00:00,P225,Ana Torres,True,True,2024-11-20,2024-11-23,,Education
ORG002,Tech por Todos,Community Org,Brazil,CAM007,Nonprofit Tech Clinic,Training,2024-12-26,2024-12-27 00:00:00,P047,Miguel Silva,False,False,2024-12-17,,78.0,Climate
ORG007,Jóvenes por el Clima,NGO,Bolivia,CAM004,Nonprofit Tech Clinic,Fundraising,2024-10-02,2024-10-15 00:00:00,P129,Lucía Herrera,False,False,2024-09-27,,77.0,Health
ORG004,Fundación Luz Verde,Social Enterprise,Ecuador,CAM001,AI for Social Impact,Outreach,2024-05-27,2024-05-28 00:00:00,P205,Daniel Castro,True,True,2024-05-24,2024-05-31,71.0,Education
ORG004,Fundación Luz Verde,Social Enterprise,Mexico,CAM003,Impact Measurement 101,Webinar,2024-01-04,2024-01-16 00:00:00,P022,Andrés Gómez,False,False,2023-12-26,,98.0,Women Empowerment
ORG007,Salud Conecta,NGO,Bolivia,CAM025,Climate Innovation Hub,Tech Support,2024-03-02,2024-03-13 00:00:00,P236,Daniel Castro,True,False,2024-02-26,,56.0,Women Empowerment
ORG007,Fundación Luz Verde,Community Org,Brazil,CAM015,Climate Innovation Hub,Webinar,2024-03-08,2024-03-17 00:00:00,P118,Camila Ortega,False,False,2024-03-02,,70.0,Climate
ORG011,Jóvenes por el Clima,Social Enterprise,Guatemala,CAM019,Digital Inclusion Bootcamp,Tech Support,2024-02-20,2024-03-02 00:00:00,P084,Luis Pérez,True,True,2024-02-13,2024-02-25,56.0,Health
ORG004,Comunidad DataLatam,Foundation,Argentina,CAM016,Impact Measurement 101,Training,2024-07-14,2024-07-23 00:00:00,P147,Lucía Herrera,True,True,2024-07-08,2024-07-19,61.0,Health
ORG007,Tech por Todos,Community Org,Brazil,CAM015,STEAM Teachers Workshop,Outreach,2024-04-04,2024-04-17 00:00:00,P012,Jorge Ruiz,True,True,2024-04-03,,,Climate
ORG002,Tech por Todos,Foundation,Peru,CAM010,Community Fundraising Gala,Outreach,2024-05-25,2024-06-01 00:00:00,P065,Jorge Ruiz,True,False,2024-05-20,,99.0,Women Empowerment
ORG011,Comunidad DataLatam,Community Org,Bolivia,CAM012,Impact Measurement 101,Webinar,2024-04-26,2024-05-08 00:00:00,P046,Lucía Herrera,False,False,2024-04-22,,48.0,Youth
ORG013,Salud Conecta,Social Enterprise,Colombia,CAM020,Community Fundraising Gala,Training,2024-10-07,2024-10-12 00:00:00,P097,Diego Ramos,False,False,2024-09-27,,67.0,Women Empowerment
ORG005,Jóvenes por el Clima,Social Enterprise,Ecuador,CAM005,AI for Social Impact,Training,2024-11-22,2024-11-29 00:00:00,P232,Gabriel Vivas,False,no,2024-11-22,,58.0,Youth
ORG008,Fundación Luz Verde,Social Enterprise,Ecuador,CAM012,Impact Measurement 101,Training,2024-06-18,2024-06-19 00:00:00,P075,Luis Pérez,False,False,2024-06-11,,64.0,Education
ORG004,Fundación Futuro,Foundation,Guatemala,CAM022,Community Fundraising Gala,Tech Support,2024-07-18,2024-07-28 00:00:00,P160,Daniel Castro,Yes,True,2024-07-10,2024-07-18,95.0,Education
ORG003,Tech por Todos,NGO,Ecuador,CAM002,Fundraising Accelerator,Tech Support,2024-12-18,2024-12-27 00:00:00,P080,Carolina Suárez,True,False,2024-12-13,,43.0,Women Empowerment
ORG004,Puentes Digitales,Social Enterprise,Guatemala,CAM013,LatAm Data Summit,Outreach,2024-05-08,2024-05-22 00:00:00,P021,Andrés Gómez,False,False,2024-05-01,,86.0,Women Empowerment
ORG002,Jóvenes por el Clima,Foundation,Guatemala,CAM012,Impact Measurement 101,Training,2024-11-22,2024-11-30 00:00:00,P195,Sofía Medina,True,True,2024-11-17,2024-11-27,83.0,Women Empowerment
ORG006,Red Mujeres+,NGO,Bolivia,CAM005,Climate Innovation Hub,Training,2024-04-13,2024-04-14 00:00:00,P249,Pedro Castillo,True,False,2024-04-06,,63.0,Youth
ORG008,Red Mujeres+,Community Org,Colombia,CAM014,LatAm Data Summit,Training,2024-11-11,2024-11-15 00:00:00,P021,María López,False,False,2024-11-03,,52.0,Women Empowerment
